Teaching_Hospital_CCN,Teaching_Hospital_ID,Teaching_Hospital_Name
050348,8595,UCI MEDICAL CENTER
050454,8566,UCSF Medical Center
050625,8581,CEDARS-SINAI MEDICAL CENTER
053302,8589,CHILDRENS HOSPITAL LOS ANGELES
050327,8600,LOMA LINDA UNIVERSITY MEDICAL CENTER
053304,8597,CHILDRENS HOSPITAL OF ORANGE COUNT
050424,8586,SCRIPPS GREEN HOSPITAL
050599,8576,UC DAVIS MEDICAL CENTER
050025,7690,UCSD MEDICAL CENTER
050573,8616,EISENHOWER MEDICAL CENTER
053301,8503,CHILDRENS HOSP & RES CNTR OAKLAND
050485,8601,LONG BEACH MEMORIAL MEDICAL CENTER
054144,8575,LANGLEY PORTER PSYCHIATRIC HOSPITAL
050660,8579,USC NORRIS CANCER HOSPITAL
050396,8582,SANTA BARBARA COTTAGE HOSPITAL
050776,7970,College Medical Center
050502,8487,St. Vincent Medical Center
050570,8599,Fountain Valley Reg Medical Center
050159,8611,Ventura County Medical Center
050276,8570,Contra Costa Regional Medical Center
050390,7629,Hemet Valley Medical Center
050231,8577,POMONA VALLEY HOSPITAL MED CTR
050153,8486,OCONNOR HOSPITAL
050696,8578,KECK HOSPITAL OF USC
054009,8614,RESNICK NEUROPSYCHIATRIC HOSPITAL AT
050077,8588,SCRIPPS MERCY HOSPITAL
050047,8505,CALIFORNIA PACIFIC MEDICAL CENTER
050471,8583,GOOD SAMARITAN HOSPITAL
050107,8546,MARIAN MEDICAL CENTER
050038,8574,SANTA CLARA VALLEY MEDICAL CENTER
050262,8615,RONALD REAGAN UCLA MEDICAL CENTER
050394,8585,CMH OF SAN BUENAVENTURA
050060,8541,COMMUNITY REGIONAL MEDICAL CENTER
050464,8362,DOCTORS MEDICAL CENTER OF MODESTO
050108,8544,SUTTER MEDICAL CENTER - SACRAMENTO
050146,8584,CITY OF HOPE NATIONAL MEDICAL CTR
050245,8612,ARROWHEAD REGIONAL MEDICAL CENTER
050149,8545,CALIFORNIA HOSPITAL MEDICAL CENTER
050129,8553,ST. BERNARDINE MEDICAL CENTER
050291,8508,SUTTER SANTA ROSA REGIONAL HOSPITAL
050763,7620,SILVER LAKE MEDICAL CENTER
050590,8551,METHODIST HOSPITAL OF SACRAMENTO
053303,8590,RADY CHILDRENS HOSPITAL - SAN DIEGO
050169,8593,PRESBYTERIAN INTERCOMMUNITY HOSPITAL
050112,8605,SANTA MONICA UCLA MEDICAL CENTER
050760,8511,KFH - ANTIOCH
050457,8556,ST. MARYS MEDICAL CENTER
050017,8547,Mercy General Hospital
050121,8504,Adventist Medical Center
050138,8516,KFH - LOS ANGELES
050167,8572,SAN JOAQUIN GENERAL HOSPITAL
050040,8607,Lac Olive View/Ucla Medical Center
053300,8558,VALLEY CHILDRENS HOSPITAL
030024,8554,ST. JOSEPHS HOSPITAL & MEDICAL CTR
050008,8506,CPMC-R.K. DAVIES MEDICAL CENTER
050537,8543,SUTTER DAVIS HOSPITAL
050103,8596,WHITE MEMORIAL MEDICAL CENTER
050441,7366,STANFORD HEALTH CARE
050239,8591,GLENDALE ADVENTIST MEDICAL CENTER
050289,8488,SETON MEDICAL CENTER
050503,8587,SCRIPPS MEMORIAL HOSPITAL-ENCINITAS
050055,8507,ST. LUKES HOSPITAL
050425,8524,Kfh - Sacramento
053309,8602,MILLER CHILDRENS HOSPITAL
050373,8608,LAC+USC MEDICAL CENTER
053305,8373,LUCILE PACKARD CHILDRENS HOSPITAL
050248,8571,NATIVIDAD MEDICAL CENTER
050113,8573,SAN MATEO MEDICAL CENTER
050228,8569,ZUCKERBERG SAN FRANCISCO GENERAL
050191,8555,ST. MARY MEDICAL CENTER
050292,8610,RIVERSIDE UNIVERSITY HEALTH SYSTEM
380091,8509,Kaiser Sunnyside Medical Center
050677,8539,KFH - WOODLAND HILLS
050070,8534,KFH - SOUTH SAN FRANCISCO
050320,8568,ALAMEDA HEALTH SYSTEM
050438,8580,HUNTINGTON HOSPITAL
050022,7692,RIVERSIDE COMMUNITY HOSPITAL
050746,8069,ORANGE COUNTY GLOBAL MEDICAL CENTER
054093,7689,LLU BEHAVIORAL MEDICINE CENTER
050777,8528,KFH - SAN LEANDRO
050128,8594,TRI-CITY MEDICAL CENTER
050426,7498,WEST ANAHEIM MEDICAL CENTER
050516,8550,MERCY SAN JUAN MEDICAL CENTER
050717,8609,RANCHO LOS AMIGOS NATL.REHAB.CTR.
050116,8552,NORTHRIDGE MEDICAL CENTER - ROSCOE
050115,8613,PALOMAR MEDICAL CENTER ESCONDIDO
050411,8532,KFH - SOUTH BAY
050140,8513,KFH - FONTANA
050690,8531,KFH - SANTA ROSA
050277,7691,PACIFIC HOSPITAL OF LONG BEACH
050609,8519,KFH - OC-ANAHEIM
050586,7693,CHINO VALLEY MEDICAL CENTER
050072,8537,KFH - WALNUT CREEK
050075,8518,KFH - OAKLAND
050604,8527,KFH - SAN JOSE
050376,8606,HARBOR-UCLA MEDICAL CENTER
050674,8533,KFH - SOUTH SACRAMENTO
050073,8536,KFH - VALLEJO
050152,8542,SAINT FRANCIS MEMORIAL HOSPITAL
050057,8559,KAWEAH DELTA MEDICAL CENTER
050772,8523,KFH - ROSEVILLE
050280,8549,MERCY MEDICAL CENTER REDDING
050581,8363,LAKEWOOD REGIONAL MED. CTR.
050444,8548,MERCY MEDICAL CENTER MERCED
330106,7372,North Shore University Hospital
374000,8308,GRIFFIN MEMORIAL HOSPITAL
500044,8479,DEACONESS MEDICAL CENTER
380009,8502,OHSU HOSPITAL AND CLINICS
230046,7874,UNIV OF MI HOSPITALS & HLTH CTRS
050510,8529,KFH - SAN RAFAEL
